--INSERT DATA INTO TALES
----------------------------------------------
---------------------------------------------

--------------------------
--PUBLISHER TABLE
----------------------------
   INSERT INTO BSTORE.Publisher (PID, Name, Address, Phone, URL)
   VALUES (1, 'Penguin Random House', '123 Main St', '555-1234', 'http://www.penguinrandomhouse.com');
   
   
   INSERT INTO BSTORE.Publisher (PID, Name, Address, Phone, URL)
   VALUES (2, 'HarperCollins Publishers', '456 Elm St', '555-5678', 'http://www.harpercollins.com');
   

   INSERT INTO BSTORE.Publisher (PID, Name, Address, Phone, URL)
   VALUES (3, 'Hachette Book Group', '789 Pine St', '555-9012', 'http://www.hachettebookgroup.com');
   

   INSERT INTO BSTORE.Publisher (PID, Name, Address, Phone, URL)
   VALUES (4, 'Simon amp; Schuster', '321 Oak St', '555-3456', 'http://www.simonandschuster.com');
   

   INSERT INTO BSTORE.Publisher (PID, Name, Address, Phone, URL)
   VALUES (5, 'Macmillan Publishers', '654 Birch St', '555-7890', 'http://www.macmillan.com');
   

   INSERT INTO BSTORE.Publisher (PID, Name, Address, Phone, URL)
   VALUES (6, 'Scholastic Corporation', '987 Maple St', '555-2345', 'http://www.scholastic.com');
   

   INSERT INTO BSTORE.Publisher (PID, Name, Address, Phone, URL)
   VALUES (7, 'Penguin Group', '246 Pineapple St', '555-6789', 'http://www.penguin.com');
   

   INSERT INTO BSTORE.Publisher (PID, Name, Address, Phone, URL)
   VALUES (8, 'Perseus Books Group', '135 Apple St', '555-0123', 'http://www.perseusbooksgroup.com');
   

   INSERT INTO BSTORE.Publisher (PID, Name, Address, Phone, URL)
   VALUES (9, 'Random House', '864 Orange St', '555-4567', 'http://www.randomhouse.com');
   

    INSERT INTO BSTORE.Publisher (PID, Name, Address, Phone, URL)
    VALUES (10, 'Wiley', '279 Cherry St', '555-8901', 'http://www.wiley.com');
    

     INSERT INTO BSTORE.Publisher (PID, Name, Address, Phone, URL)
     VALUES (11, 'Oxford University Press', '111 Broadway', '555-1212', 'http://www.oup.com');
     

     INSERT INTO BSTORE.Publisher (PID, Name, Address, Phone, URL)
     VALUES (12, 'Cambridge University Press', '222 Second St', '555-2323', 'http://www.cambridge.org');
     

     INSERT INTO BSTORE.Publisher (PID, Name, Address, Phone, URL)
     VALUES (13, 'MIT Press', '333 Third Ave', '555-3434', 'http://www.mitpress.mit.edu');
     

     INSERT INTO BSTORE.Publisher (PID, Name, Address, Phone, URL)
     VALUES (14, 'Pearson Education', '444 Fourth St', '555-4545', 'http://www.pearsoned.com');     
--==============================================================================================================--

------------------------------
--AUTHOR TABLE
-----------------------------
   INSERT INTO BSTORE.Author (AID, Name, Address, URL)
   VALUES (1, 'John Smith', '123 Main St', 'http://www.johnsmith.com');
   


   INSERT INTO BSTORE.Author (AID, Name, Address, URL)
   VALUES (2, 'Jane Doe', '456 Elm St', 'http://www.janedoe.com');
   


   INSERT INTO BSTORE.Author (AID, Name, Address, URL)
   VALUES (3, 'Bob Johnson', '789 Pine St', 'http://www.bobjohnson.com');
   


   INSERT INTO BSTORE.Author (AID, Name, Address, URL)
   VALUES (4, 'Susan Lee', '321 Oak St', 'http://www.susanlee.com');
   

   INSERT INTO BSTORE.Author (AID, Name, Address, URL)
   VALUES (5, 'David Kim', '654 Birch St', 'http://www.davidkim.com');
   

   INSERT INTO BSTORE.Author (AID, Name, Address, URL)
   VALUES (6, 'Karen Chen', '987 Maple St', 'http://www.karenchen.com');
   

   INSERT INTO BSTORE.Author (AID, Name, Address, URL)
   VALUES (7, 'Mike Brown', '246 Pineapple St', 'http://www.mikebrown.com');
   

   INSERT INTO BSTORE.Author (AID, Name, Address, URL)
   VALUES (8, 'Lisa Wong', '135 Apple St', 'http://www.lisawong.com');
   

   INSERT INTO BSTORE.Author (AID, Name, Address, URL)
   VALUES (9, 'Tony Nguyen', '864 Orange St', 'http://www.tonynguyen.com');
   

    INSERT INTO BSTORE.Author (AID, Name, Address, URL)
    VALUES (10, 'Emily Chang', '279 Cherry St', 'http://www.emilychang.com');
    
    

   INSERT INTO BSTORE.Author (AID, Name, Address, URL)
   VALUES (11, 'J.K. Rowling', '12 Grimmauld Place', 'http://www.jkrowling.com');
   

   INSERT INTO BSTORE.Author (AID, Name, Address, URL)
   VALUES (12, 'Stephen King', '1408 Elm St', 'http://www.stephenking.com');
   

   INSERT INTO BSTORE.Author (AID, Name, Address, URL)
   VALUES (13, 'John Grisham', 'The Grisham Building', 'http://www.johngrisham.com');
   

   INSERT INTO BSTORE.Author (AID, Name, Address, URL)
   VALUES (14, 'Dan Brown', '1435 Commonwealth Ave', 'http://www.danbrown.com');
   

   INSERT INTO BSTORE.Author (AID, Name, Address, URL)
   VALUES (15, 'Agatha Christie', 'Greenway Estate', 'http://www.agathachristie.com');
   

   INSERT INTO BSTORE.Author (AID, Name, Address, URL)
   VALUES (16, 'George R.R. Martin', '1000 Aces High', 'http://www.georgerrmartin.com');
   

   INSERT INTO BSTORE.Author (AID, Name, Address, URL)
   VALUES (17, 'Toni Morrison', '324 Chauncey St', 'http://www.tonimorrison.com');
   

   INSERT INTO BSTORE.Author (AID, Name, Address, URL)
   VALUES (18, 'Neil Gaiman', '222 Neverwhere Ln', 'http://www.neilgaiman.com');
   

   INSERT INTO BSTORE.Author (AID, Name, Address, URL)
   VALUES (19, 'Margaret Atwood', '421 MaddAddam St', 'http://www.margaretatwood.com');
   

    INSERT INTO BSTORE.Author (AID, Name, Address, URL)
    VALUES (20, 'Ernest Hemingway', '907 Whitehead St', 'http://www.ernesthemingway.com');
    

     INSERT INTO BSTORE.Author (AID, Name, Address, URL)
     VALUES (21, 'Maya Angelou', '86 Woodcrest Dr', 'http://www.mayaangelou.com');
     

     INSERT INTO BSTORE.Author (AID, Name, Address, URL)
     VALUES (22, 'Gabriel Garcia Marquez', '123 Macondo St', 'http://www.gabrielgarciamarquez.com');
     

     INSERT INTO BSTORE.Author (AID, Name, Address, URL)
     VALUES (23, 'Virginia Woolf', '46 Gordon Sq', 'http://www.virginiawoolf.com');
     

     INSERT INTO BSTORE.Author (AID, Name, Address, URL)
     VALUES (24, 'Jane Austen', 'Steventon Rectory', 'http://www.janeausten.com');
     

     INSERT INTO BSTORE.Author (AID, Name, Address, URL)
     VALUES (25, 'Amy Tan', '101 Alhambra St', 'http://www.amytan.com');
--=======================================================================================================================--

-----------------
--BOOK TABLE
---------------
   INSERT INTO BSTORE.Book (ISBN, AutherID, PublisherID, Year, Title, price)
   VALUES (1111111111, 1, 1, 2005, 'Harry Potter and the Sorcerer''s Stone', 25);
   

   INSERT INTO BSTORE.Book (ISBN, AUTHORID, PublisherID, Year, Title, price)
   VALUES (2222222222, 1, 1, 1984, 'The Shining', 20);
   

   INSERT INTO BSTORE.Book (ISBN, AUTHORID, PublisherID, Year, Title, price)
   VALUES (3333333333, 2, 1, 1991, 'The Firm', 18);
   

   INSERT INTO BSTORE.Book (ISBN, AUTHORID, PublisherID, Year, Title, price)
   VALUES (4444444444, 2, 1, 2003, 'The Da Vinci Code', 22);
   

   INSERT INTO BSTORE.Book (ISBN, AUTHORID, PublisherID, Year, Title, price)
   VALUES (5555555555, 3, 1, 1934, 'Murder on the Orient Express', 15);
   

   INSERT INTO BSTORE.Book (ISBN, AUTHORID, PublisherID, Year, Title, price)
   VALUES (6666666666, 3, 2, 1996, 'A Game of Thrones', 30);
   

   INSERT INTO BSTORE.Book (ISBN, AUTHORID, PublisherID, Year, Title, price)
   VALUES (7777777777, 4, 2, 1987, 'Beloved', 17);
   

   INSERT INTO BSTORE.Book (ISBN, AUTHORID, PublisherID, Year, Title, price)
   VALUES (8888888888, 4, 2, 2001, 'American Gods', 19);
   

   INSERT INTO BSTORE.Book (ISBN, AUTHORID, PublisherID, Year, Title, price)
   VALUES (9999999999, 5, 2, 1985, 'The Handmaid''s Tale', 16);
   

    INSERT INTO BSTORE.Book (ISBN, AUTHORID, PublisherID, Year, Title, price)
    VALUES (1010101010, 5, 2, 1926, 'The Sun Also Rises', 14);
    

    INSERT INTO BSTORE.Book (ISBN, AUTHORID, PublisherID, Year, Title, price)
    VALUES (2020202020, 6, 3, 1969, 'I Know Why the Caged Bird Sings', 12);
    

    INSERT INTO BSTORE.Book (ISBN, AUTHORID, PublisherID, Year, Title, price)
    VALUES (3030303030, 6, 3, 1967, 'One Hundred Years of Solitude', 21);
    

    INSERT INTO BSTORE.Book (ISBN, AUTHORID, PublisherID, Year, Title, price)
    VALUES (4040404040, 7, 3, 1927, 'To the Lighthouse', 18);
    

    INSERT INTO BSTORE.Book (ISBN, AUTHORID, PublisherID, Year, Title, price)
    VALUES (5050505050, 7, 3, 1813, 'Pride and Prejudice', 16);
    

    INSERT INTO BSTORE.Book (ISBN, AUTHORID, PublisherID, Year, Title, price)
    VALUES (6060606060, 8, 3, 1989, 'The Joy Luck Club', 14);
    

    INSERT INTO BSTORE.Book (ISBN, AUTHORID, PublisherID, Year, Title, price)
    VALUES (7070707070, 8, 4, 1892, 'The Adventures of Sherlock Holmes', 13);
    

    INSERT INTO BSTORE.Book (ISBN, AUTHORID, PublisherID, Year, Title, price)
    VALUES (8080808080, 9, 4, 1998, 'Holes', 10);
    ----------------------------
    INSERT INTO BSTORE.Book (ISBN, AUTHORID, PublisherID, Year, Title, price)
    VALUES (9090909090, 9, 4, 1998, 'Book1', 10);
    
    INSERT INTO BSTORE.Book (ISBN, AUTHORID, PublisherID, Year, Title, price)
    VALUES (1369875962, 10, 4, 1998, 'Book2', 10);
    
    
        INSERT INTO BSTORE.Book (ISBN, AUTHORID, PublisherID, Year, Title, price)
    VALUES (2369857492, 10, 4, 1998, 'Book3', 10);


    INSERT INTO BSTORE.Book (ISBN, AUTHORID, PublisherID, Year, Title, price)
    VALUES (3698745215, 11, 5, 1998, 'Book4', 10);

    INSERT INTO BSTORE.Book (ISBN, AUTHORID, PublisherID, Year, Title, price)
    VALUES (4569871235, 11, 5, 1998, 'Book5', 10);

    INSERT INTO BSTORE.Book (ISBN, AUTHORID, PublisherID, Year, Title, price)
    VALUES (5698741236, 12, 5, 1998, 'Book6', 10);

    INSERT INTO BSTORE.Book (ISBN, AUTHORID, PublisherID, Year, Title, price)
    VALUES (6987512349, 12, 5, 1998, 'Book7', 10);

    INSERT INTO BSTORE.Book (ISBN, AUTHORID, PublisherID, Year, Title, price)
    VALUES (7980365195, 13, 5, 1998, 'Book8', 10);

    INSERT INTO BSTORE.Book (ISBN, AUTHORID, PublisherID, Year, Title, price)
    VALUES (8962357812, 14, 6, 1998, 'Book9', 10);

    INSERT INTO BSTORE.Book (ISBN, AUTHORID, PublisherID, Year, Title, price)
    VALUES (9698745632, 14, 6, 1998, 'Holes', 10);

    INSERT INTO BSTORE.Book (ISBN, AUTHORID, PublisherID, Year, Title, price)
    VALUES (1136987456, 15, 6, 1998, 'Holes', 10);

    INSERT INTO BSTORE.Book (ISBN, AUTHORID, PublisherID, Year, Title, price)
    VALUES (2236987456, 15, 6, 1998, 'Holes', 10);

    INSERT INTO BSTORE.Book (ISBN, AUTHORID, PublisherID, Year, Title, price)
    VALUES (3369845215, 16, 6, 1998, 'Holes', 10);

    INSERT INTO BSTORE.Book (ISBN, AUTHORID, PublisherID, Year, Title, price)
    VALUES (4469845231, 16, 7, 1998, 'Holes', 10);

    INSERT INTO BSTORE.Book (ISBN, AUTHORID, PublisherID, Year, Title, price)
    VALUES (5569874123, 17, 7, 1998, 'Holes', 10);
    
    INSERT INTO BSTORE.Book (ISBN, AUTHORID, PublisherID, Year, Title, price)
    VALUES (6698745213, 17, 7, 1998, 'Holes', 10);
    
    
        INSERT INTO BSTORE.Book (ISBN, AUTHORID, PublisherID, Year, Title, price)
    VALUES (7736987452, 18, 7, 1998, 'Holes', 10);


    INSERT INTO BSTORE.Book (ISBN, AUTHORID, PublisherID, Year, Title, price)
    VALUES (8865923512, 18, 7, 1998, 'Holes', 10);

    INSERT INTO BSTORE.Book (ISBN, AUTHORID, PublisherID, Year, Title, price)
    VALUES (9968452365, 19, 8, 1998, 'Holes', 10);

    INSERT INTO BSTORE.Book (ISBN, AUTHORID, PublisherID, Year, Title, price)
    VALUES (1113659874, 19, 8, 1998, 'Holes', 10);

    INSERT INTO BSTORE.Book (ISBN, AUTHORID, PublisherID, Year, Title, price)
    VALUES (2223698745, 20, 8, 1998, 'Holes', 10);

    INSERT INTO BSTORE.Book (ISBN, AUTHORID, PublisherID, Year, Title, price)
    VALUES (3336987452, 1, 8, 1998, 'Holes', 10);


    INSERT INTO BSTORE.Book (ISBN, AUTHORID, PublisherID, Year, Title, price)
    VALUES (4445698745, 20, 8, 1998, 'Holes', 10);

    INSERT INTO BSTORE.Book (ISBN, AUTHORID, PublisherID, Year, Title, price)
    VALUES (5556984136, 21, 9, 1998, 'Holes', 10);

    INSERT INTO BSTORE.Book (ISBN, AUTHORID, PublisherID, Year, Title, price)
    VALUES (6669871235, 21, 9, 1998, 'Holes', 10);

    INSERT INTO BSTORE.Book (ISBN, AUTHORID, PublisherID, Year, Title, price)
    VALUES (7779856245, 22, 9, 1998, 'Holes', 10);

    INSERT INTO BSTORE.Book (ISBN, AUTHORID, PublisherID, Year, Title, price)
    VALUES (8886941269, 22, 9, 1998, 'Holes', 10);

    INSERT INTO BSTORE.Book (ISBN, AUTHORID, PublisherID, Year, Title, price)
    VALUES (9992365471, 23, 9, 1998, 'Holes', 10);

    INSERT INTO BSTORE.Book (ISBN, AUTHORID, PublisherID, Year, Title, price)
    VALUES (1111698745, 23, 10, 1998, 'Holes', 10);

    INSERT INTO BSTORE.Book (ISBN, AUTHORID, PublisherID, Year, Title, price)
    VALUES (2222698745, 24, 10, 1998, 'Holes', 10);

    INSERT INTO BSTORE.Book (ISBN, AUTHORID, PublisherID, Year, Title, price)
    VALUES (3333697156, 24, 10, 1998, 'Holes', 10);

    INSERT INTO BSTORE.Book (ISBN, AUTHORID, PublisherID, Year, Title, price)
    VALUES (4444698752, 25, 10, 1998, 'Holes', 10);

    INSERT INTO BSTORE.Book (ISBN, AUTHORID, PublisherID, Year, Title, price)
    VALUES (5555987630, 25, 10, 1998, 'Holes', 10);
--==============================================================================================--

----------------------
--WAREHOUSE TABLE
-----------------------  
    INSERT INTO BSTORE.Warehouse (Code, Phone, Address)
   VALUES (1001, '123-456-7890', '123 Main St');
   

   INSERT INTO BSTORE.Warehouse (Code, Phone, Address)
   VALUES (1002, '987-654-3210', '456 Elm St');
   

   INSERT INTO BSTORE.Warehouse (Code, Phone, Address)
   VALUES (1003, '555-555-5555', '789 Oak St');
   

   INSERT INTO BSTORE.Warehouse (Code, Phone, Address)
   VALUES (1004, '111-222-3333', '987 Pine St');
   

   INSERT INTO BSTORE.Warehouse (Code, Phone, Address)
   VALUES (1005, '444-444-4444', '654 Cedar St');
--=======================================================================================================--

----------------------------
--WAREHOUSE BOOK TABLE
----------------------------
    INSERT INTO BSTORE.Warehouse_Book (WarehouseCode, BookISBN, Count)
   VALUES (1001, 1111111111, 10);

    INSERT INTO BSTORE.Warehouse_Book (WarehouseCode, BookISBN, Count)
   VALUES (1001, 2222222222, 10);

    INSERT INTO BSTORE.Warehouse_Book (WarehouseCode, BookISBN, Count)
   VALUES (1001, 3333333333, 10);

    INSERT INTO BSTORE.Warehouse_Book (WarehouseCode, BookISBN, Count)
   VALUES (1001, 4444444444, 10);
   
    INSERT INTO BSTORE.Warehouse_Book (WarehouseCode, BookISBN, Count)
   VALUES (1001, 5555555555, 10);

    INSERT INTO BSTORE.Warehouse_Book (WarehouseCode, BookISBN, Count)
   VALUES (1001, 6666666666, 10);

    INSERT INTO BSTORE.Warehouse_Book (WarehouseCode, BookISBN, Count)
   VALUES (1001, 7777777777, 10);

    INSERT INTO BSTORE.Warehouse_Book (WarehouseCode, BookISBN, Count)
   VALUES (1001, 8888888888, 10);

    INSERT INTO BSTORE.Warehouse_Book (WarehouseCode, BookISBN, Count)
   VALUES (1001, 9999999999, 10);

    INSERT INTO BSTORE.Warehouse_Book (WarehouseCode, BookISBN, Count)
   VALUES (1001, 1010101010, 10);

--------------------------
   INSERT INTO BSTORE.Warehouse_Book (WarehouseCode, BookISBN, Count)
   VALUES (1002, 2020202020, 5);
   
   INSERT INTO BSTORE.Warehouse_Book (WarehouseCode, BookISBN, Count)
   VALUES (1002, 3030303030, 5);

   INSERT INTO BSTORE.Warehouse_Book (WarehouseCode, BookISBN, Count)
   VALUES (1002, 4040404040, 5);

   INSERT INTO BSTORE.Warehouse_Book (WarehouseCode, BookISBN, Count)
   VALUES (1002, 5050505050, 5);

   INSERT INTO BSTORE.Warehouse_Book (WarehouseCode, BookISBN, Count)
   VALUES (1002, 6060606060, 5);

   INSERT INTO BSTORE.Warehouse_Book (WarehouseCode, BookISBN, Count)
   VALUES (1002, 7070707070, 5);

   INSERT INTO BSTORE.Warehouse_Book (WarehouseCode, BookISBN, Count)
   VALUES (1002,8080808080, 5);

   INSERT INTO BSTORE.Warehouse_Book (WarehouseCode, BookISBN, Count)
   VALUES (1002, 9090909090, 5);

   INSERT INTO BSTORE.Warehouse_Book (WarehouseCode, BookISBN, Count)
   VALUES (1002, 1369875962, 5);

   INSERT INTO BSTORE.Warehouse_Book (WarehouseCode, BookISBN, Count)
   VALUES (1002, 2369857492, 5);
---------------------

   INSERT INTO BSTORE.Warehouse_Book (WarehouseCode, BookISBN, Count)
   VALUES (1003, 4569871235, 15);
   
   INSERT INTO BSTORE.Warehouse_Book (WarehouseCode, BookISBN, Count)
   VALUES (1003, 5698741236, 15);

   INSERT INTO BSTORE.Warehouse_Book (WarehouseCode, BookISBN, Count)
   VALUES (1003, 6987512349, 15);

   INSERT INTO BSTORE.Warehouse_Book (WarehouseCode, BookISBN, Count)
   VALUES (1003, 7980365195, 15);

   INSERT INTO BSTORE.Warehouse_Book (WarehouseCode, BookISBN, Count)
   VALUES (1003, 8962357812, 15);

   INSERT INTO BSTORE.Warehouse_Book (WarehouseCode, BookISBN, Count)
   VALUES (1003, 1136987456, 15);

   INSERT INTO BSTORE.Warehouse_Book (WarehouseCode, BookISBN, Count)
   VALUES (1003, 2236987456, 15);

   INSERT INTO BSTORE.Warehouse_Book (WarehouseCode, BookISBN, Count)
   VALUES (1003, 3369845215, 15);

   INSERT INTO BSTORE.Warehouse_Book (WarehouseCode, BookISBN, Count)
   VALUES (1003, 4469845231, 15);

   INSERT INTO BSTORE.Warehouse_Book (WarehouseCode, BookISBN, Count)
   VALUES (1003, 5569874123, 15);
--------------------------------------------------------


   INSERT INTO BSTORE.Warehouse_Book (WarehouseCode, BookISBN, Count)
   VALUES (1004, 6698745213, 8);

   INSERT INTO BSTORE.Warehouse_Book (WarehouseCode, BookISBN, Count)
   VALUES (1004,7736987452, 8);

   INSERT INTO BSTORE.Warehouse_Book (WarehouseCode, BookISBN, Count)
   VALUES (1004, 8865923512, 8);

   INSERT INTO BSTORE.Warehouse_Book (WarehouseCode, BookISBN, Count)
   VALUES (1004, 9968452365, 8);
   
   INSERT INTO BSTORE.Warehouse_Book (WarehouseCode, BookISBN, Count)
   VALUES (1004, 1113659874, 8);

   INSERT INTO BSTORE.Warehouse_Book (WarehouseCode, BookISBN, Count)
   VALUES (1004, 2223698745, 8);

   INSERT INTO BSTORE.Warehouse_Book (WarehouseCode, BookISBN, Count)
   VALUES (1004, 4445698745, 8);

   INSERT INTO BSTORE.Warehouse_Book (WarehouseCode, BookISBN, Count)
   VALUES (1004, 5556984136, 8);

   INSERT INTO BSTORE.Warehouse_Book (WarehouseCode, BookISBN, Count)
   VALUES (1004, 6669871235, 8);

   INSERT INTO BSTORE.Warehouse_Book (WarehouseCode, BookISBN, Count)
   VALUES (1004, 7779856245, 8);

------------------------------
   INSERT INTO BSTORE.Warehouse_Book (WarehouseCode, BookISBN, Count)
   VALUES (1005, 8886941269, 20);
   
      INSERT INTO BSTORE.Warehouse_Book (WarehouseCode, BookISBN, Count)
   VALUES (1005, 9992365471, 20);
   
      INSERT INTO BSTORE.Warehouse_Book (WarehouseCode, BookISBN, Count)
   VALUES (1005, 1111698745, 20);
   
      INSERT INTO BSTORE.Warehouse_Book (WarehouseCode, BookISBN, Count)
   VALUES (1005, 2222698745, 20);
   
      INSERT INTO BSTORE.Warehouse_Book (WarehouseCode, BookISBN, Count)
   VALUES (1005, 3333697156, 20);
   
      INSERT INTO BSTORE.Warehouse_Book (WarehouseCode, BookISBN, Count)
   VALUES (1005, 4444698752, 20);
   
      INSERT INTO BSTORE.Warehouse_Book (WarehouseCode, BookISBN, Count)
   VALUES (1005, 5555987630, 20);
   
      INSERT INTO BSTORE.Warehouse_Book (WarehouseCode, BookISBN, Count)
   VALUES (1005, 3698745215, 20);
   
      INSERT INTO BSTORE.Warehouse_Book (WarehouseCode, BookISBN, Count)
   VALUES (1005, 9698745632, 20);
   
      INSERT INTO BSTORE.Warehouse_Book (WarehouseCode, BookISBN, Count)
   VALUES (1005, 3336987452, 20);   
   ----------------------
   
   INSERT INTO BSTORE.customer (EMAIL, Name, Phone, Address)
   VALUES ('john@example.com', 'John Smith', '1234567890', '123 Main Street');
   
   INSERT INTO BSTORE.customer (EMAIL, Name, Phone, Address)
   VALUES ('jane@example.com', 'Jane Doe', '9876543210', '456 Elm Street');
   
   INSERT INTO BSTORE.customer (EMAIL, Name, Phone, Address)
   VALUES ('mike@example.com', 'Mike Johnson', '5555555555', '789 Oak Avenue');
   
   INSERT INTO BSTORE.customer (EMAIL, Name, Phone, Address)
   VALUES ('sarah@example.com', 'Sarah Anderson', '1112223333', '321 Maple Road');
   
   INSERT INTO BSTORE.customer (EMAIL, Name, Phone, Address)
   VALUES ('david@example.com', 'David Wilson', '4444444444', '654 Pine Lane');
   
   INSERT INTO BSTORE.customer (EMAIL, Name, Phone, Address)
   VALUES ('lisa@example.com', 'Lisa Roberts', '7778889999', '987 Cedar Court');
   
   INSERT INTO BSTORE.customer (EMAIL, Name, Phone, Address)
   VALUES ('tom@example.com', 'Tom Thompson', '6666666666', '258 Birch Drive');
   
   INSERT INTO BSTORE.customer (EMAIL, Name, Phone, Address)
   VALUES ('amy@example.com', 'Amy Brown', '2223334444', '753 Willow Lane');
   
   INSERT INTO BSTORE.customer (EMAIL, Name, Phone, Address)
   VALUES ('mark@example.com', 'Mark Taylor', '8889990000', '369 Oak Street');
   
    INSERT INTO BSTORE.customer (EMAIL, Name, Phone, Address)
    VALUES ('emily@example.com', 'Emily White', '3334445555', '852 Pine Court');
    
    INSERT INTO BSTORE.customer (EMAIL, Name, Phone, Address)
    VALUES ('chris@example.com', 'Chris Davis', '5555666677', '741 Elm Road');
    
    INSERT INTO BSTORE.customer (EMAIL, Name, Phone, Address)
    VALUES ('jennifer@example.com', 'Jennifer Lee', '2222999900', '963 Birch Avenue');
    
    INSERT INTO BSTORE.customer (EMAIL, Name, Phone, Address)
    VALUES ('adam@example.com', 'Adam Scott', '1111222233', '852 Oak Lane');
   
    INSERT INTO BSTORE.customer (EMAIL, Name, Phone, Address)
    VALUES ('sophie@example.com', 'Sophie Wilson', '9999888877', '369 Maple Drive');
    
    INSERT INTO BSTORE.customer (EMAIL, Name, Phone, Address)
    VALUES ('ryan@example.com', 'Ryan Harris', '7777666655', '123 Cedar Road');
   
    INSERT INTO BSTORE.customer (EMAIL, Name, Phone, Address)
    VALUES ('olivia@example.com', 'Olivia Thomas', '3333444455', '654 Pine Lane');
  
    INSERT INTO BSTORE.customer (EMAIL, Name, Phone, Address)
    VALUES ('jacob@example.com', 'Jacob Martinez', '6666555544', '987 Willow Court');
  
    INSERT INTO BSTORE.customer (EMAIL, Name, Phone, Address)
    VALUES ('ava@example.com', 'Ava Robinson', '2222111100', '321 Birch Street');
  
    INSERT INTO BSTORE.customer (EMAIL, Name, Phone, Address)
    VALUES ('ethan@example.com', 'Ethan Clark', '8888999955', '741 Oak Avenue');
 
    INSERT INTO BSTORE.customer (EMAIL, Name, Phone, Address)
    VALUES ('mia@example.com', 'Mia Walker', '0000111122', '852 Elm Drive');
    
    ---------------------------------------------------------------------------------------------
    
    INSERT INTO BSTORE.ShoppingBasket (ID, CustomerEmail)
   VALUES (1, 'john@example.com');
   
   INSERT INTO BSTORE.ShoppingBasket (ID, CustomerEmail)
   VALUES (2, 'jane@example.com');
   
   INSERT INTO BSTORE.ShoppingBasket (ID, CustomerEmail)
   VALUES (3, 'mike@example.com');
   
   INSERT INTO BSTORE.ShoppingBasket (ID, CustomerEmail)
   VALUES (4, 'sarah@example.com');
   
   INSERT INTO BSTORE.ShoppingBasket (ID, CustomerEmail)
   VALUES (5, 'david@example.com');
   
   INSERT INTO BSTORE.ShoppingBasket (ID, CustomerEmail)
   VALUES (6, 'lisa@example.com');
   
   INSERT INTO BSTORE.ShoppingBasket (ID, CustomerEmail)
   VALUES (7, 'tom@example.com');
   
   INSERT INTO BSTORE.ShoppingBasket (ID, CustomerEmail)
   VALUES (8, 'amy@example.com');
   
   INSERT INTO BSTORE.ShoppingBasket (ID, CustomerEmail)
   VALUES (9, 'mark@example.com');
   
    INSERT INTO BSTORE.ShoppingBasket (ID, CustomerEmail)
    VALUES (10, 'emily@example.com');
    
    INSERT INTO BSTORE.ShoppingBasket (ID, CustomerEmail)
    VALUES (11, 'chris@example.com');
    
    INSERT INTO BSTORE.ShoppingBasket (ID, CustomerEmail)
    VALUES (12, 'jennifer@example.com');
    
    INSERT INTO BSTORE.ShoppingBasket (ID, CustomerEmail)
    VALUES (13, 'adam@example.com');
    
    INSERT INTO BSTORE.ShoppingBasket (ID, CustomerEmail)
    VALUES (14, 'sophie@example.com');
    
    INSERT INTO BSTORE.ShoppingBasket (ID, CustomerEmail)
    VALUES (15, 'ryan@example.com');
    
    INSERT INTO BSTORE.ShoppingBasket (ID, CustomerEmail)
    VALUES (16, 'olivia@example.com');
    
    INSERT INTO BSTORE.ShoppingBasket (ID, CustomerEmail)
    VALUES (17, 'jacob@example.com');
    
    INSERT INTO BSTORE.ShoppingBasket (ID, CustomerEmail)
    VALUES (18, 'ava@example.com');
    
    INSERT INTO BSTORE.ShoppingBasket (ID, CustomerEmail)
    VALUES (19, 'ethan@example.com');
    
    INSERT INTO BSTORE.ShoppingBasket (ID, CustomerEmail)
    VALUES (20, 'mia@example.com');
--====================================================================================================--

-----------------------------
--SHOPPINGBASKET BOOK TABLE
------------------------------
    --TO_TIMESTAMP(2022-01-01 09:00:00, 'YYYY-MM-DD HH24:MI:SS')
    
   INSERT INTO BSTORE.ShoppingBasket_Book (ShoppingBasket_ID, BookISBN, Count, Sdate)
   VALUES (1, 2222222222, 1, TO_TIMESTAMP('2022-01-02 10:30:00', 'YYYY-MM-DD HH24:MI:SS'));
   
   INSERT INTO BSTORE.ShoppingBasket_Book (ShoppingBasket_ID, BookISBN, Count, Sdate)
   VALUES (2, 5555555555, 3, TO_TIMESTAMP('2022-01-03 14:15:00', 'YYYY-MM-DD HH24:MI:SS'));
   
   INSERT INTO BSTORE.ShoppingBasket_Book (ShoppingBasket_ID, BookISBN, Count, Sdate)
   VALUES (2, 4444444444, 1, TO_TIMESTAMP('2022-01-04 16:45:00', 'YYYY-MM-DD HH24:MI:SS'));
   
   INSERT INTO BSTORE.ShoppingBasket_Book (ShoppingBasket_ID, BookISBN, Count, Sdate)
   VALUES (3, 3333333333, 1, TO_TIMESTAMP('2022-01-05 08:30:00', 'YYYY-MM-DD HH24:MI:SS'));
  
   INSERT INTO BSTORE.ShoppingBasket_Book (ShoppingBasket_ID, BookISBN, Count, Sdate)
   VALUES (3, 6666666666, 4, TO_TIMESTAMP('2022-01-06 19:20:00', 'YYYY-MM-DD HH24:MI:SS'));
   
   INSERT INTO BSTORE.ShoppingBasket_Book (ShoppingBasket_ID, BookISBN, Count, Sdate)
   VALUES (4, 8888888888, 2, TO_TIMESTAMP('2022-01-07 13:10:00', 'YYYY-MM-DD HH24:MI:SS'));
   
   INSERT INTO BSTORE.ShoppingBasket_Book (ShoppingBasket_ID, BookISBN, Count, Sdate)
   VALUES (4, 7777777777, 3, TO_TIMESTAMP('2022-01-08 11:45:00', 'YYYY-MM-DD HH24:MI:SS'));
  
   INSERT INTO BSTORE.ShoppingBasket_Book (ShoppingBasket_ID, BookISBN, Count, Sdate)
   VALUES (5, 9999999999, 1, TO_TIMESTAMP('2022-01-09 17:30:00', 'YYYY-MM-DD HH24:MI:SS'));
   
    INSERT INTO BSTORE.ShoppingBasket_Book (ShoppingBasket_ID, BookISBN, Count, Sdate)
    VALUES (5, 1010101010, 2, TO_TIMESTAMP('2022-01-10 09:50:00', 'YYYY-MM-DD HH24:MI:SS'));
    
    
    INSERT INTO BSTORE.ShoppingBasket_Book (ShoppingBasket_ID, BookISBN, Count, Sdate)
    VALUES (6, 5050505050, 3,TO_TIMESTAMP('2022-01-11 14:55:00', 'YYYY-MM-DD HH24:MI:SS'));
    
    INSERT INTO BSTORE.ShoppingBasket_Book (ShoppingBasket_ID, BookISBN, Count, Sdate)
    VALUES (6, 4040404040, 2, TO_TIMESTAMP('2022-01-12 12:25:00', 'YYYY-MM-DD HH24:MI:SS'));
    
    INSERT INTO BSTORE.ShoppingBasket_Book (ShoppingBasket_ID, BookISBN, Count, Sdate)
    VALUES (7, 6060606060, 1, TO_TIMESTAMP('2022-01-13 16:40:00', 'YYYY-MM-DD HH24:MI:SS'));
    
    INSERT INTO BSTORE.ShoppingBasket_Book (ShoppingBasket_ID, BookISBN, Count, Sdate)
    VALUES (7, 7070707070, 2, TO_TIMESTAMP('2022-01-14 11:05:00', 'YYYY-MM-DD HH24:MI:SS'));
    
    INSERT INTO BSTORE.ShoppingBasket_Book (ShoppingBasket_ID, BookISBN, Count, Sdate)
    VALUES (8, 9090909090, 4, TO_TIMESTAMP('2022-01-15 15:35:00', 'YYYY-MM-DD HH24:MI:SS'));
    
    INSERT INTO BSTORE.ShoppingBasket_Book (ShoppingBasket_ID, BookISBN, Count, Sdate)
    VALUES (8, 1369875962, 2, TO_TIMESTAMP('2022-01-16 10:15:00', 'YYYY-MM-DD HH24:MI:SS'));
    
    INSERT INTO BSTORE.ShoppingBasket_Book (ShoppingBasket_ID, BookISBN, Count, Sdate)
    VALUES (9,8080808080, 2, TO_TIMESTAMP('2022-01-17 10:15:00', 'YYYY-MM-DD HH24:MI:SS'));
    
